<?xml version='1.0' encoding='UTF-8'?>
<faces-config version="3.0" xmlns="https://jakarta.ee/xml/ns/jakartaee"
              xmlns:xsi="http://www.w3.org/2001/XMLSchema-instance"
              xsi:schemaLocation="https://jakarta.ee/xml/ns/jakartaee
                                  https://jakarta.ee/xml/ns/jakartaee/web-facesconfig_3_0.xsd">
    <managed-bean>
        <managed-bean-name>user</managed-bean-name>
        <managed-bean-class>User</managed-bean-class>
        <managed-bean-scope>request</managed-bean-scope>
    </managed-bean>
    <application>
        <locale-config>
            <default-locale>fr</default-locale>
            <supported-locale>fr</supported-locale>
            <supported-locale>fr</supported-locale>
        </locale-config>
        <resource-bundle>
            <base-name>i18n.message</base-name>
            <var>message</var>
        </resource-bundle>


    </application>
</faces-config>